ship_id,stage,station_id,start_time,end_time,duration_hours,qc_passed
SN101,Ring_Stacking,Ring_Stacking_1,2025-01-01 00:00:00.000000,2025-01-02 10:51:46.175663,34.86,True
SN101,Welding,Welding_1,2025-01-02 10:51:46.175663,2025-01-07 16:20:29.461404,125.48,True
SN101,Plumbing_Wiring,Plumbing_Wiring_1,2025-01-07 16:20:29.461404,2025-01-14 04:11:33.066980,155.85,True
SN101,Heat_Shield_Tiling,Heat_Shield_Tiling_1,2025-01-14 04:11:33.066980,2025-01-22 08:12:40.183383,196.02,True
SN101,Engine_Integration,Engine_Integration_1,2025-01-22 08:12:40.183383,2025-01-25 05:43:47.605818,69.52,True
SN101,Final_Checkout,Final_Checkout_1,2025-01-25 05:43:47.605818,2025-01-27 19:09:34.875000,61.43,True
SN102,Ring_Stacking,Ring_Stacking_2,2025-01-01 00:00:00.000000,2025-01-02 15:32:23.221143,39.54,True
SN102,Welding,Welding_2,2025-01-02 15:32:23.221143,2025-01-07 16:10:51.372208,120.64,True
SN102,Plumbing_Wiring,Plumbing_Wiring_2,2025-01-07 16:10:51.372208,2025-01-13 00:03:12.925339,127.87,True
SN102,Heat_Shield_Tiling,Heat_Shield_Tiling_2,2025-01-13 00:03:12.925339,2025-01-20 13:39:24.023195,181.6,False
SN102,Heat_Shield_Tiling,Heat_Shield_Tiling_3,2025-01-22 15:39:24.023195,2025-01-31 00:23:20.586343,200.73,True
SN102,Engine_Integration,Engine_Integration_2,2025-01-31 00:23:20.586343,2025-02-03 09:23:08.685786,81.0,True
SN102,Final_Checkout,Final_Checkout_2,2025-02-03 09:23:08.685786,2025-02-05 15:59:01.423877,54.6,True
SN103,Ring_Stacking,Ring_Stacking_1,2025-01-02 10:51:46.175663,2025-01-03 19:28:38.945779,32.61,True
SN103,Welding,Welding_3,2025-01-03 19:28:38.945779,2025-01-08 17:42:36.813975,118.23,True
SN103,Plumbing_Wiring,Plumbing_Wiring_3,2025-01-08 17:42:36.813975,2025-01-14 20:11:37.763084,146.48,True
SN103,Heat_Shield_Tiling,Heat_Shield_Tiling_1,2025-01-22 08:12:40.183383,2025-01-30 19:20:10.409341,203.13,True
SN103,Engine_Integration,Engine_Integration_1,2025-01-30 19:20:10.409341,2025-02-02 14:17:44.173344,66.96,True
SN103,Final_Checkout,Final_Checkout_1,2025-02-02 14:17:44.173344,2025-02-04 17:26:40.350055,51.15,True
SN104,Ring_Stacking,Ring_Stacking_2,2025-01-02 15:32:23.221143,2025-01-04 10:08:50.438783,42.61,True
SN104,Welding,Welding_2,2025-01-07 16:10:51.372208,2025-01-13 18:41:46.574369,146.52,True
SN104,Plumbing_Wiring,Plumbing_Wiring_4,2025-01-13 18:41:46.574369,2025-01-18 22:23:50.929929,123.7,True
SN104,Heat_Shield_Tiling,Heat_Shield_Tiling_2,2025-01-22 15:39:24.023195,2025-02-01 23:13:25.720788,247.57,True
SN104,Engine_Integration,Engine_Integration_1,2025-02-02 14:17:44.173344,2025-02-06 02:30:17.416724,84.21,True
SN104,Final_Checkout,Final_Checkout_1,2025-02-06 02:30:17.416724,2025-02-08 09:46:17.644268,55.27,True
SN105,Ring_Stacking,Ring_Stacking_1,2025-01-03 19:28:38.945779,2025-01-05 10:21:40.419194,38.88,True
SN105,Welding,Welding_1,2025-01-07 16:20:29.461404,2025-01-12 16:54:43.858061,120.57,True
SN105,Plumbing_Wiring,Plumbing_Wiring_2,2025-01-13 00:03:12.925339,2025-01-18 22:16:36.621192,142.22,True
SN105,Heat_Shield_Tiling,Heat_Shield_Tiling_1,2025-01-30 19:20:10.409341,2025-02-08 13:42:05.104442,210.37,True
SN105,Engine_Integration,Engine_Integration_2,2025-02-08 13:42:05.104442,2025-02-11 13:45:07.501602,72.05,True
SN105,Final_Checkout,Final_Checkout_2,2025-02-11 13:45:07.501602,2025-02-14 04:31:39.255847,62.78,True
SN106,Ring_Stacking,Ring_Stacking_2,2025-01-04 10:08:50.438783,2025-01-06 02:12:48.538111,40.07,True
SN106,Welding,Welding_3,2025-01-08 17:42:36.813975,2025-01-12 14:16:00.475948,92.56,True
SN106,Plumbing_Wiring,Plumbing_Wiring_1,2025-01-14 04:11:33.066980,2025-01-20 16:27:55.002821,156.27,False
SN106,Plumbing_Wiring,Plumbing_Wiring_3,2025-01-22 05:57:55.002821,2025-01-29 17:34:18.099051,179.61,True
SN106,Heat_Shield_Tiling,Heat_Shield_Tiling_3,2025-01-31 00:23:20.586343,2025-02-07 18:58:20.406956,186.58,True
SN106,Engine_Integration,Engine_Integration_1,2025-02-07 18:58:20.406956,2025-02-10 17:26:50.777499,70.48,True
SN106,Final_Checkout,Final_Checkout_1,2025-02-10 17:26:50.777499,2025-02-12 19:43:35.308253,50.28,True
SN107,Ring_Stacking,Ring_Stacking_1,2025-01-05 10:21:40.419194,2025-01-07 00:11:45.980477,37.83,True
SN107,Welding,Welding_3,2025-01-12 14:16:00.475948,2025-01-17 01:41:19.630605,107.42,True
SN107,Plumbing_Wiring,Plumbing_Wiring_2,2025-01-18 22:16:36.621192,2025-01-26 07:34:59.759897,177.31,True
SN107,Heat_Shield_Tiling,Heat_Shield_Tiling_2,2025-02-01 23:13:25.720788,2025-02-08 20:34:53.731334,165.36,True
SN107,Engine_Integration,Engine_Integration_1,2025-02-10 17:26:50.777499,2025-02-13 17:18:26.269254,71.86,True
SN107,Final_Checkout,Final_Checkout_1,2025-02-13 17:18:26.269254,2025-02-16 00:13:35.306565,54.92,True
SN108,Ring_Stacking,Ring_Stacking_2,2025-01-06 02:12:48.538111,2025-01-07 20:19:26.741311,42.11,True
SN108,Welding,Welding_1,2025-01-12 16:54:43.858061,2025-01-18 06:39:01.703008,133.74,True
SN108,Plumbing_Wiring,Plumbing_Wiring_4,2025-01-18 22:23:50.929929,2025-01-25 13:33:25.360278,159.16,True
SN108,Heat_Shield_Tiling,Heat_Shield_Tiling_3,2025-02-07 18:58:20.406956,2025-02-17 15:39:41.549989,236.69,True
SN108,Engine_Integration,Engine_Integration_2,2025-02-17 15:39:41.549989,2025-02-20 14:17:12.072662,70.63,True
SN108,Final_Checkout,Final_Checkout_2,2025-02-20 14:17:12.072662,2025-02-23 12:20:10.295170,70.05,True
SN109,Ring_Stacking,Ring_Stacking_1,2025-01-07 00:11:45.980477,2025-01-09 00:23:13.677681,48.19,True
SN109,Welding,Welding_2,2025-01-13 18:41:46.574369,2025-01-18 17:37:16.956349,118.93,True
SN109,Plumbing_Wiring,Plumbing_Wiring_1,2025-01-22 05:57:55.002821,2025-01-27 19:38:18.985776,133.67,True
SN109,Heat_Shield_Tiling,Heat_Shield_Tiling_1,2025-02-08 13:42:05.104442,2025-02-17 10:59:50.867378,213.3,True
SN109,Engine_Integration,Engine_Integration_1,2025-02-17 10:59:50.867378,2025-02-20 14:19:10.790311,75.32,True
SN109,Final_Checkout,Final_Checkout_1,2025-02-20 14:19:10.790311,2025-02-23 16:55:57.889674,74.61,True
SN110,Ring_Stacking,Ring_Stacking_2,2025-01-07 20:19:26.741311,2025-01-09 11:17:13.332257,38.96,True
SN110,Welding,Welding_3,2025-01-17 01:41:19.630605,2025-01-22 22:08:14.872270,140.45,True
SN110,Plumbing_Wiring,Plumbing_Wiring_4,2025-01-25 13:33:25.360278,2025-01-31 14:58:07.941446,145.41,True
SN110,Heat_Shield_Tiling,Heat_Shield_Tiling_2,2025-02-08 20:34:53.731334,2025-02-16 03:56:51.384882,175.37,True
SN110,Engine_Integration,Engine_Integration_2,2025-02-20 14:17:12.072662,2025-02-24 04:41:06.519147,86.4,True
SN110,Final_Checkout,Final_Checkout_2,2025-02-24 04:41:06.519147,2025-02-26 11:52:31.675269,55.19,True
SN111,Ring_Stacking,Ring_Stacking_1,2025-01-09 00:23:13.677681,2025-01-10 11:17:35.689958,34.91,True
SN111,Welding,Welding_1,2025-01-18 06:39:01.703008,2025-01-22 18:43:13.129399,108.07,True
SN111,Plumbing_Wiring,Plumbing_Wiring_2,2025-01-26 07:34:59.759897,2025-02-01 03:06:40.558766,139.53,True
SN111,Heat_Shield_Tiling,Heat_Shield_Tiling_2,2025-02-16 03:56:51.384882,2025-02-25 22:40:08.878170,234.72,True
SN111,Engine_Integration,Engine_Integration_1,2025-02-25 22:40:08.878170,2025-03-01 18:49:28.408883,92.16,True
SN111,Final_Checkout,Final_Checkout_1,2025-03-01 18:49:28.408883,2025-03-04 05:44:06.149296,58.91,True
SN112,Ring_Stacking,Ring_Stacking_2,2025-01-09 11:17:13.332257,2025-01-11 04:55:24.761270,41.64,True
SN112,Welding,Welding_2,2025-01-18 17:37:16.956349,2025-01-22 15:38:05.987112,94.01,False
SN112,Welding,Welding_1,2025-01-23 21:38:05.987112,2025-01-28 12:19:22.978889,110.69,True
SN112,Plumbing_Wiring,Plumbing_Wiring_1,2025-01-28 12:19:22.978889,2025-02-03 13:40:17.997671,145.35,True
SN112,Heat_Shield_Tiling,Heat_Shield_Tiling_1,2025-02-17 10:59:50.867378,2025-02-26 04:03:55.343270,209.07,True
SN112,Engine_Integration,Engine_Integration_2,2025-02-26 04:03:55.343270,2025-03-01 13:30:30.179169,81.44,True
SN112,Final_Checkout,Final_Checkout_2,2025-03-01 13:30:30.179169,2025-03-04 03:07:19.979289,61.61,True
SN113,Ring_Stacking,Ring_Stacking_1,2025-01-10 11:17:35.689958,2025-01-12 04:41:21.143591,41.4,True
SN113,Welding,Welding_3,2025-01-22 22:08:14.872270,2025-01-29 00:04:52.019083,145.94,True
SN113,Plumbing_Wiring,Plumbing_Wiring_3,2025-01-29 17:34:18.099051,2025-02-04 00:17:23.904362,126.72,True
SN113,Heat_Shield_Tiling,Heat_Shield_Tiling_3,2025-02-17 15:39:41.549989,2025-02-26 08:02:55.187720,208.39,True
SN113,Engine_Integration,Engine_Integration_2,2025-03-01 13:30:30.179169,2025-03-04 20:25:41.827713,78.92,True
SN113,Final_Checkout,Final_Checkout_2,2025-03-04 20:25:41.827713,2025-03-07 08:08:34.032395,59.71,True
SN114,Ring_Stacking,Ring_Stacking_2,2025-01-11 04:55:24.761270,2025-01-12 21:44:44.852841,40.82,True
SN114,Welding,Welding_2,2025-01-23 21:38:05.987112,2025-01-29 02:43:16.830577,125.09,True
SN114,Plumbing_Wiring,Plumbing_Wiring_4,2025-01-31 14:58:07.941446,2025-02-08 06:13:56.036489,183.26,True
SN114,Heat_Shield_Tiling,Heat_Shield_Tiling_2,2025-02-25 22:40:08.878170,2025-03-05 15:54:38.227483,185.24,True
SN114,Engine_Integration,Engine_Integration_1,2025-03-05 15:54:38.227483,2025-03-08 18:42:49.443895,74.8,True
SN114,Final_Checkout,Final_Checkout_1,2025-03-08 18:42:49.443895,2025-03-11 11:05:27.487221,64.38,True
SN115,Ring_Stacking,Ring_Stacking_1,2025-01-12 04:41:21.143591,2025-01-13 21:19:05.285274,40.63,True
SN115,Welding,Welding_1,2025-01-28 12:19:22.978889,2025-02-03 13:21:31.670332,145.04,True
SN115,Plumbing_Wiring,Plumbing_Wiring_2,2025-02-03 13:21:31.670332,2025-02-10 09:36:47.792879,164.25,True
SN115,Heat_Shield_Tiling,Heat_Shield_Tiling_1,2025-02-26 04:03:55.343270,2025-03-05 20:02:14.099395,183.97,True
SN115,Engine_Integration,Engine_Integration_2,2025-03-05 20:02:14.099395,2025-03-09 11:07:49.065272,87.09,True
SN115,Final_Checkout,Final_Checkout_2,2025-03-09 11:07:49.065272,2025-03-12 07:10:37.067313,68.05,True
SN116,Ring_Stacking,Ring_Stacking_2,2025-01-12 21:44:44.852841,2025-01-15 00:41:26.083304,50.94,True
SN116,Welding,Welding_3,2025-01-29 00:04:52.019083,2025-02-03 16:22:23.923255,136.29,True
SN116,Plumbing_Wiring,Plumbing_Wiring_1,2025-02-03 16:22:23.923255,2025-02-09 04:01:29.490964,131.65,True
SN116,Heat_Shield_Tiling,Heat_Shield_Tiling_3,2025-02-26 08:02:55.187720,2025-03-06 03:59:25.526176,187.94,True
SN116,Engine_Integration,Engine_Integration_1,2025-03-08 18:42:49.443895,2025-03-12 05:36:10.637991,82.89,True
SN116,Final_Checkout,Final_Checkout_1,2025-03-12 05:36:10.637991,2025-03-14 07:24:53.904229,49.81,True
SN117,Ring_Stacking,Ring_Stacking_1,2025-01-13 21:19:05.285274,2025-01-15 19:21:05.935393,46.03,True
SN117,Welding,Welding_2,2025-01-29 02:43:16.830577,2025-02-02 13:22:10.631260,106.65,True
SN117,Plumbing_Wiring,Plumbing_Wiring_3,2025-02-04 00:17:23.904362,2025-02-10 20:59:02.840475,164.69,True
SN117,Heat_Shield_Tiling,Heat_Shield_Tiling_2,2025-03-05 15:54:38.227483,2025-03-14 04:36:08.414432,204.69,True
SN117,Engine_Integration,Engine_Integration_2,2025-03-14 04:36:08.414432,2025-03-17 00:29:08.534715,67.88,True
SN117,Final_Checkout,Final_Checkout_2,2025-03-17 00:29:08.534715,2025-03-19 16:18:12.504306,63.82,True
SN118,Ring_Stacking,Ring_Stacking_2,2025-01-15 00:41:26.083304,2025-01-16 18:37:38.715345,41.94,True
SN118,Welding,Welding_2,2025-02-02 13:22:10.631260,2025-02-06 20:09:54.156124,102.8,True
SN118,Plumbing_Wiring,Plumbing_Wiring_4,2025-02-08 06:13:56.036489,2025-02-13 22:22:49.899521,136.15,True
SN118,Heat_Shield_Tiling,Heat_Shield_Tiling_1,2025-03-05 20:02:14.099395,2025-03-12 05:52:13.587262,153.83,True
SN118,Engine_Integration,Engine_Integration_1,2025-03-12 05:52:13.587262,2025-03-15 20:15:38.306130,86.39,True
SN118,Final_Checkout,Final_Checkout_1,2025-03-15 20:15:38.306130,2025-03-18 12:06:40.279581,63.85,True
SN119,Ring_Stacking,Ring_Stacking_1,2025-01-15 19:21:05.935393,2025-01-17 11:22:50.002965,40.03,True
SN119,Welding,Welding_1,2025-02-03 13:21:31.670332,2025-02-07 15:05:23.200966,97.73,True
SN119,Plumbing_Wiring,Plumbing_Wiring_1,2025-02-09 04:01:29.490964,2025-02-17 00:28:17.482335,188.45,True
SN119,Heat_Shield_Tiling,Heat_Shield_Tiling_3,2025-03-06 03:59:25.526176,2025-03-13 21:13:29.048349,185.23,False
SN119,Heat_Shield_Tiling,Heat_Shield_Tiling_1,2025-03-15 23:13:29.048349,2025-03-24 00:28:51.491184,193.26,True
SN119,Engine_Integration,Engine_Integration_1,2025-03-24 00:28:51.491184,2025-03-27 22:34:59.887270,94.1,True
SN119,Final_Checkout,Final_Checkout_1,2025-03-27 22:34:59.887270,2025-03-30 00:51:17.585612,50.27,True
SN120,Ring_Stacking,Ring_Stacking_2,2025-01-16 18:37:38.715345,2025-01-18 13:11:30.936831,42.56,True
SN120,Welding,Welding_3,2025-02-03 16:22:23.923255,2025-02-08 11:11:51.923802,114.82,True
SN120,Plumbing_Wiring,Plumbing_Wiring_2,2025-02-10 09:36:47.792879,2025-02-16 21:41:13.265270,156.07,True
SN120,Heat_Shield_Tiling,Heat_Shield_Tiling_2,2025-03-14 04:36:08.414432,2025-03-21 09:59:51.846301,173.4,True
SN120,Engine_Integration,Engine_Integration_2,2025-03-21 09:59:51.846301,2025-03-24 23:40:47.774666,85.68,True
SN120,Final_Checkout,Final_Checkout_2,2025-03-24 23:40:47.774666,2025-03-27 19:04:15.416857,67.39,True
SN121,Ring_Stacking,Ring_Stacking_1,2025-01-17 11:22:50.002965,2025-01-19 10:17:45.684928,46.92,True
SN121,Welding,Welding_2,2025-02-06 20:09:54.156124,2025-02-11 08:24:05.107719,108.24,True
SN121,Plumbing_Wiring,Plumbing_Wiring_3,2025-02-11 08:24:05.107719,2025-02-17 17:52:31.945282,153.47,True
SN121,Heat_Shield_Tiling,Heat_Shield_Tiling_3,2025-03-15 23:13:29.048349,2025-03-24 15:49:30.970849,208.6,False
SN121,Heat_Shield_Tiling,Heat_Shield_Tiling_2,2025-03-26 17:49:30.970849,2025-04-02 17:35:42.955418,167.77,True
SN121,Engine_Integration,Engine_Integration_2,2025-04-02 17:35:42.955418,2025-04-05 20:55:04.682771,75.32,True
SN121,Final_Checkout,Final_Checkout_2,2025-04-05 20:55:04.682771,2025-04-08 04:35:49.579876,55.68,True
SN122,Ring_Stacking,Ring_Stacking_2,2025-01-18 13:11:30.936831,2025-01-20 03:10:41.036091,37.99,True
SN122,Welding,Welding_1,2025-02-07 15:05:23.200966,2025-02-12 13:53:36.461072,118.8,True
SN122,Plumbing_Wiring,Plumbing_Wiring_4,2025-02-13 22:22:49.899521,2025-02-18 18:02:51.703896,115.67,True
SN122,Heat_Shield_Tiling,Heat_Shield_Tiling_1,2025-03-24 00:28:51.491184,2025-04-03 04:06:23.597453,243.63,True
SN122,Engine_Integration,Engine_Integration_1,2025-04-03 04:06:23.597453,2025-04-06 20:23:41.556243,88.29,True
SN122,Final_Checkout,Final_Checkout_1,2025-04-06 20:23:41.556243,2025-04-09 16:49:19.477456,68.43,True
SN123,Ring_Stacking,Ring_Stacking_1,2025-01-19 10:17:45.684928,2025-01-21 13:32:25.628353,51.24,True
SN123,Welding,Welding_3,2025-02-08 11:11:51.923802,2025-02-13 02:15:04.369167,111.05,True
SN123,Plumbing_Wiring,Plumbing_Wiring_2,2025-02-16 21:41:13.265270,2025-02-22 15:49:57.765131,138.15,True
SN123,Heat_Shield_Tiling,Heat_Shield_Tiling_3,2025-03-26 17:49:30.970849,2025-04-04 20:32:55.399981,218.72,True
SN123,Engine_Integration,Engine_Integration_2,2025-04-05 20:55:04.682771,2025-04-08 17:28:32.503503,68.56,True
SN123,Final_Checkout,Final_Checkout_2,2025-04-08 17:28:32.503503,2025-04-11 11:55:53.783861,66.46,True
SN124,Ring_Stacking,Ring_Stacking_2,2025-01-20 03:10:41.036091,2025-01-21 14:52:48.027048,35.7,True
SN124,Welding,Welding_2,2025-02-11 08:24:05.107719,2025-02-16 05:53:25.511410,117.49,True
SN124,Plumbing_Wiring,Plumbing_Wiring_1,2025-02-17 00:28:17.482335,2025-02-21 23:52:51.441776,119.41,True
SN124,Heat_Shield_Tiling,Heat_Shield_Tiling_2,2025-04-02 17:35:42.955418,2025-04-10 06:33:17.896860,180.96,True
SN124,Engine_Integration,Engine_Integration_1,2025-04-10 06:33:17.896860,2025-04-14 15:03:19.257610,104.5,True
SN124,Final_Checkout,Final_Checkout_1,2025-04-14 15:03:19.257610,2025-04-17 08:52:52.596818,65.83,True
SN125,Ring_Stacking,Ring_Stacking_1,2025-01-21 13:32:25.628353,2025-01-22 20:58:09.231056,31.43,True
SN125,Welding,Welding_1,2025-02-12 13:53:36.461072,2025-02-17 07:20:03.920771,113.44,True
SN125,Plumbing_Wiring,Plumbing_Wiring_3,2025-02-17 17:52:31.945282,2025-02-23 22:51:25.417533,148.98,True
SN125,Heat_Shield_Tiling,Heat_Shield_Tiling_1,2025-04-03 04:06:23.597453,2025-04-12 02:15:44.962498,214.16,True
SN125,Engine_Integration,Engine_Integration_2,2025-04-12 02:15:44.962498,2025-04-15 16:15:59.551228,86.0,True
SN125,Final_Checkout,Final_Checkout_2,2025-04-15 16:15:59.551228,2025-04-18 05:20:41.144781,61.08,True
SN126,Ring_Stacking,Ring_Stacking_2,2025-01-21 14:52:48.027048,2025-01-23 03:36:08.102674,36.72,True
SN126,Welding,Welding_3,2025-02-13 02:15:04.369167,2025-02-18 07:04:49.984086,124.83,True
SN126,Plumbing_Wiring,Plumbing_Wiring_4,2025-02-18 18:02:51.703896,2025-02-24 16:36:52.635578,142.57,True
SN126,Heat_Shield_Tiling,Heat_Shield_Tiling_3,2025-04-04 20:32:55.399981,2025-04-13 04:41:19.952575,200.14,True
SN126,Engine_Integration,Engine_Integration_1,2025-04-14 15:03:19.257610,2025-04-17 14:36:25.180340,71.55,True
SN126,Final_Checkout,Final_Checkout_1,2025-04-17 14:36:25.180340,2025-04-19 23:47:53.839459,57.19,True
SN127,Ring_Stacking,Ring_Stacking_1,2025-01-22 20:58:09.231056,2025-01-24 10:27:03.622203,37.48,True
SN127,Welding,Welding_2,2025-02-16 05:53:25.511410,2025-02-21 05:24:43.444199,119.52,True
SN127,Plumbing_Wiring,Plumbing_Wiring_1,2025-02-21 23:52:51.441776,2025-02-28 04:34:38.525791,148.7,True
SN127,Heat_Shield_Tiling,Heat_Shield_Tiling_2,2025-04-10 06:33:17.896860,2025-04-19 04:57:07.279975,214.4,True
SN127,Engine_Integration,Engine_Integration_2,2025-04-19 04:57:07.279975,2025-04-22 21:46:45.033420,88.83,True
SN127,Final_Checkout,Final_Checkout_2,2025-04-22 21:46:45.033420,2025-04-25 21:25:59.601283,71.65,True
SN128,Ring_Stacking,Ring_Stacking_2,2025-01-23 03:36:08.102674,2025-01-24 22:40:48.822565,43.08,True
SN128,Welding,Welding_1,2025-02-17 07:20:03.920771,2025-02-22 06:58:22.319328,119.64,True
SN128,Plumbing_Wiring,Plumbing_Wiring_2,2025-02-22 15:49:57.765131,2025-02-26 18:17:04.589896,98.45,True
SN128,Heat_Shield_Tiling,Heat_Shield_Tiling_1,2025-04-12 02:15:44.962498,2025-04-21 02:05:29.386223,215.83,True
SN128,Engine_Integration,Engine_Integration_1,2025-04-21 02:05:29.386223,2025-04-24 07:11:48.333766,77.11,True
SN128,Final_Checkout,Final_Checkout_1,2025-04-24 07:11:48.333766,2025-04-26 19:03:26.587389,59.86,True
SN129,Ring_Stacking,Ring_Stacking_1,2025-01-24 10:27:03.622203,2025-01-26 04:19:18.025184,41.87,True
SN129,Welding,Welding_3,2025-02-18 07:04:49.984086,2025-02-24 00:04:51.566385,137.0,True
SN129,Plumbing_Wiring,Plumbing_Wiring_3,2025-02-24 00:04:51.566385,2025-03-03 14:39:13.798167,182.57,True
SN129,Heat_Shield_Tiling,Heat_Shield_Tiling_3,2025-04-13 04:41:19.952575,2025-04-20 13:25:22.370560,176.73,True
SN129,Engine_Integration,Engine_Integration_2,2025-04-22 21:46:45.033420,2025-04-26 06:49:00.551574,81.04,True
SN129,Final_Checkout,Final_Checkout_2,2025-04-26 06:49:00.551574,2025-04-28 20:27:14.357500,61.64,True
SN130,Ring_Stacking,Ring_Stacking_2,2025-01-24 22:40:48.822565,2025-01-26 15:42:17.083205,41.02,True
SN130,Welding,Welding_2,2025-02-21 05:24:43.444199,2025-02-25 12:35:33.145244,103.18,True
SN130,Plumbing_Wiring,Plumbing_Wiring_4,2025-02-25 12:35:33.145244,2025-03-03 21:26:26.212244,152.85,True
SN130,Heat_Shield_Tiling,Heat_Shield_Tiling_2,2025-04-19 04:57:07.279975,2025-04-29 03:02:25.088330,238.09,True
SN130,Engine_Integration,Engine_Integration_1,2025-04-29 03:02:25.088330,2025-05-02 07:47:27.026447,76.75,True
SN130,Final_Checkout,Final_Checkout_1,2025-05-02 07:47:27.026447,2025-05-04 19:38:39.730870,59.85,True
SN131,Ring_Stacking,Ring_Stacking_1,2025-01-26 04:19:18.025184,2025-01-28 02:03:17.950639,45.73,True
SN131,Welding,Welding_1,2025-02-22 06:58:22.319328,2025-02-25 23:44:29.865738,88.77,True
SN131,Plumbing_Wiring,Plumbing_Wiring_2,2025-02-26 18:17:04.589896,2025-03-06 09:40:18.164715,183.39,True
SN131,Heat_Shield_Tiling,Heat_Shield_Tiling_3,2025-04-20 13:25:22.370560,2025-04-27 04:44:43.313324,159.32,True
SN131,Engine_Integration,Engine_Integration_2,2025-04-27 04:44:43.313324,2025-04-30 10:23:43.235082,77.65,True
SN131,Final_Checkout,Final_Checkout_2,2025-04-30 10:23:43.235082,2025-05-02 16:20:29.060497,53.95,True
SN132,Ring_Stacking,Ring_Stacking_2,2025-01-26 15:42:17.083205,2025-01-28 02:46:07.416793,35.06,True
SN132,Welding,Welding_3,2025-02-24 00:04:51.566385,2025-03-02 09:46:08.959404,153.69,True
SN132,Plumbing_Wiring,Plumbing_Wiring_1,2025-03-02 09:46:08.959404,2025-03-09 03:12:33.602985,161.44,True
SN132,Heat_Shield_Tiling,Heat_Shield_Tiling_1,2025-04-21 02:05:29.386223,2025-04-27 00:36:24.546596,142.52,True
SN132,Engine_Integration,Engine_Integration_2,2025-04-30 10:23:43.235082,2025-05-03 11:36:35.397471,73.21,True
SN132,Final_Checkout,Final_Checkout_2,2025-05-03 11:36:35.397471,2025-05-06 22:19:14.811876,82.71,True
SN133,Ring_Stacking,Ring_Stacking_1,2025-01-28 02:03:17.950639,2025-01-30 03:21:56.811277,49.31,True
SN133,Welding,Welding_2,2025-02-25 12:35:33.145244,2025-03-02 09:43:57.615944,117.14,True
SN133,Plumbing_Wiring,Plumbing_Wiring_3,2025-03-03 14:39:13.798167,2025-03-09 02:28:40.468537,131.82,True
SN133,Heat_Shield_Tiling,Heat_Shield_Tiling_1,2025-04-27 00:36:24.546596,2025-05-06 05:57:15.773484,221.35,True
SN133,Engine_Integration,Engine_Integration_1,2025-05-06 05:57:15.773484,2025-05-09 16:31:50.574849,82.58,True
SN133,Final_Checkout,Final_Checkout_1,2025-05-09 16:31:50.574849,2025-05-11 22:25:23.273671,53.89,True
SN134,Ring_Stacking,Ring_Stacking_2,2025-01-28 02:46:07.416793,2025-01-29 19:13:06.189061,40.45,True
SN134,Welding,Welding_1,2025-02-25 23:44:29.865738,2025-03-02 18:19:18.389816,114.58,True
SN134,Plumbing_Wiring,Plumbing_Wiring_4,2025-03-03 21:26:26.212244,2025-03-10 22:53:44.428540,169.46,True
SN134,Heat_Shield_Tiling,Heat_Shield_Tiling_3,2025-04-27 04:44:43.313324,2025-05-06 02:06:46.465289,213.37,True
SN134,Engine_Integration,Engine_Integration_2,2025-05-06 02:06:46.465289,2025-05-09 05:00:06.139589,74.89,True
SN134,Final_Checkout,Final_Checkout_2,2025-05-09 05:00:06.139589,2025-05-11 14:28:35.250849,57.47,True
SN135,Ring_Stacking,Ring_Stacking_2,2025-01-29 19:13:06.189061,2025-01-31 13:23:45.032453,42.18,True
SN135,Welding,Welding_2,2025-03-02 09:43:57.615944,2025-03-08 03:56:05.680661,138.2,True
SN135,Plumbing_Wiring,Plumbing_Wiring_2,2025-03-08 03:56:05.680661,2025-03-14 10:49:30.093551,150.89,True
SN135,Heat_Shield_Tiling,Heat_Shield_Tiling_2,2025-04-29 03:02:25.088330,2025-05-07 23:38:17.200470,212.6,False
SN135,Heat_Shield_Tiling,Heat_Shield_Tiling_3,2025-05-10 01:38:17.200470,2025-05-18 20:10:54.109568,210.54,True
SN135,Engine_Integration,Engine_Integration_2,2025-05-18 20:10:54.109568,2025-05-22 03:09:21.480615,78.97,True
SN135,Final_Checkout,Final_Checkout_2,2025-05-22 03:09:21.480615,2025-05-24 21:23:04.332718,66.23,True
SN136,Ring_Stacking,Ring_Stacking_1,2025-01-30 03:21:56.811277,2025-01-31 14:21:58.991795,35.0,True
SN136,Welding,Welding_3,2025-03-02 09:46:08.959404,2025-03-07 17:24:46.812262,127.64,True
SN136,Plumbing_Wiring,Plumbing_Wiring_3,2025-03-09 02:28:40.468537,2025-03-13 03:39:11.468947,97.18,True
SN136,Heat_Shield_Tiling,Heat_Shield_Tiling_1,2025-05-06 05:57:15.773484,2025-05-15 16:52:34.847197,226.92,True
SN136,Engine_Integration,Engine_Integration_1,2025-05-15 16:52:34.847197,2025-05-19 11:12:37.319469,90.33,True
SN136,Final_Checkout,Final_Checkout_1,2025-05-19 11:12:37.319469,2025-05-22 00:05:32.391044,60.88,True
SN137,Ring_Stacking,Ring_Stacking_2,2025-01-31 13:23:45.032453,2025-02-02 03:56:08.000794,38.54,True
SN137,Welding,Welding_1,2025-03-02 18:19:18.389816,2025-03-07 06:50:42.747870,108.52,True
SN137,Plumbing_Wiring,Plumbing_Wiring_1,2025-03-09 03:12:33.602985,2025-03-15 22:56:13.530607,163.73,True
SN137,Heat_Shield_Tiling,Heat_Shield_Tiling_2,2025-05-10 01:38:17.200470,2025-05-20 00:56:51.110466,239.31,False
SN137,Heat_Shield_Tiling,Heat_Shield_Tiling_1,2025-05-22 02:56:51.110466,2025-05-29 15:47:35.055840,180.85,True
SN137,Engine_Integration,Engine_Integration_1,2025-05-29 15:47:35.055840,2025-06-02 02:26:44.642941,82.65,True
SN137,Final_Checkout,Final_Checkout_1,2025-06-02 02:26:44.642941,2025-06-04 17:53:44.138932,63.45,True
SN138,Ring_Stacking,Ring_Stacking_1,2025-01-31 14:21:58.991795,2025-02-02 04:47:15.226535,38.42,True
SN138,Welding,Welding_1,2025-03-07 06:50:42.747870,2025-03-13 03:56:41.015346,141.1,True
SN138,Plumbing_Wiring,Plumbing_Wiring_4,2025-03-13 03:56:41.015346,2025-03-18 01:39:45.769563,117.72,True
SN138,Heat_Shield_Tiling,Heat_Shield_Tiling_3,2025-05-18 20:10:54.109568,2025-05-27 04:10:57.483610,200.0,True
SN138,Engine_Integration,Engine_Integration_2,2025-05-27 04:10:57.483610,2025-05-30 15:18:03.518133,83.12,True
SN138,Final_Checkout,Final_Checkout_2,2025-05-30 15:18:03.518133,2025-06-01 21:17:29.529972,53.99,True
SN139,Ring_Stacking,Ring_Stacking_2,2025-02-02 03:56:08.000794,2025-02-03 17:54:31.815366,37.97,True
SN139,Welding,Welding_3,2025-03-07 17:24:46.812262,2025-03-12 21:31:38.291090,124.11,True
SN139,Plumbing_Wiring,Plumbing_Wiring_3,2025-03-13 03:39:11.468947,2025-03-19 15:14:55.695205,155.6,True
SN139,Heat_Shield_Tiling,Heat_Shield_Tiling_2,2025-05-22 02:56:51.110466,2025-05-28 18:27:00.262010,159.5,True
SN139,Engine_Integration,Engine_Integration_2,2025-05-30 15:18:03.518133,2025-06-03 02:40:51.245310,83.38,True
SN139,Final_Checkout,Final_Checkout_2,2025-06-03 02:40:51.245310,2025-06-04 21:37:34.343549,42.95,True
SN140,Ring_Stacking,Ring_Stacking_1,2025-02-02 04:47:15.226535,2025-02-04 00:41:13.471117,43.9,True
SN140,Welding,Welding_2,2025-03-08 03:56:05.680661,2025-03-13 04:56:10.107894,121.0,True
SN140,Plumbing_Wiring,Plumbing_Wiring_2,2025-03-14 10:49:30.093551,2025-03-21 09:22:40.971495,166.55,True
SN140,Heat_Shield_Tiling,Heat_Shield_Tiling_3,2025-05-27 04:10:57.483610,2025-06-01 20:09:24.369179,135.97,True
SN140,Engine_Integration,Engine_Integration_1,2025-06-02 02:26:44.642941,2025-06-04 21:01:11.792616,66.57,True
SN140,Final_Checkout,Final_Checkout_1,2025-06-04 21:01:11.792616,2025-06-07 12:54:00.462806,63.88,True
SN141,Ring_Stacking,Ring_Stacking_2,2025-02-03 17:54:31.815366,2025-02-05 07:11:04.643143,37.28,True
SN141,Welding,Welding_3,2025-03-12 21:31:38.291090,2025-03-17 23:06:49.421666,121.59,True
SN141,Plumbing_Wiring,Plumbing_Wiring_1,2025-03-17 23:06:49.421666,2025-03-25 06:02:11.186226,174.92,True
SN141,Heat_Shield_Tiling,Heat_Shield_Tiling_2,2025-05-28 18:27:00.262010,2025-06-07 00:12:32.195403,221.76,True
SN141,Engine_Integration,Engine_Integration_2,2025-06-07 00:12:32.195403,2025-06-09 13:00:44.574741,60.8,True
SN141,Final_Checkout,Final_Checkout_2,2025-06-09 13:00:44.574741,2025-06-11 21:01:03.095487,56.01,True
SN142,Ring_Stacking,Ring_Stacking_1,2025-02-04 00:41:13.471117,2025-02-05 12:29:13.772190,35.8,True
SN142,Welding,Welding_1,2025-03-13 03:56:41.015346,2025-03-18 22:41:02.095129,138.74,True
SN142,Plumbing_Wiring,Plumbing_Wiring_4,2025-03-18 22:41:02.095129,2025-03-24 11:32:26.912893,132.86,True
SN142,Heat_Shield_Tiling,Heat_Shield_Tiling_1,2025-05-29 15:47:35.055840,2025-06-07 00:46:58.031399,200.99,True
SN142,Engine_Integration,Engine_Integration_1,2025-06-07 00:46:58.031399,2025-06-10 03:41:05.083506,74.9,True
SN142,Final_Checkout,Final_Checkout_1,2025-06-10 03:41:05.083506,2025-06-12 23:48:34.303244,68.12,True
SN143,Ring_Stacking,Ring_Stacking_2,2025-02-05 07:11:04.643143,2025-02-06 22:23:37.453785,39.21,True
SN143,Welding,Welding_2,2025-03-13 04:56:10.107894,2025-03-18 00:35:51.967511,115.66,True
SN143,Plumbing_Wiring,Plumbing_Wiring_3,2025-03-19 15:14:55.695205,2025-03-24 23:17:04.842417,128.04,True
SN143,Heat_Shield_Tiling,Heat_Shield_Tiling_3,2025-06-01 20:09:24.369179,2025-06-10 21:24:58.286999,217.26,True
SN143,Engine_Integration,Engine_Integration_2,2025-06-10 21:24:58.286999,2025-06-14 18:39:25.932451,93.24,True
SN143,Final_Checkout,Final_Checkout_2,2025-06-14 18:39:25.932451,2025-06-16 17:57:36.187451,47.3,True
SN144,Ring_Stacking,Ring_Stacking_1,2025-02-05 12:29:13.772190,2025-02-07 05:45:00.382325,41.26,True
SN144,Welding,Welding_3,2025-03-17 23:06:49.421666,2025-03-22 15:04:53.803769,111.97,True
SN144,Plumbing_Wiring,Plumbing_Wiring_2,2025-03-22 15:04:53.803769,2025-03-27 07:59:30.747809,112.91,True
SN144,Heat_Shield_Tiling,Heat_Shield_Tiling_2,2025-06-07 00:12:32.195403,2025-06-15 18:30:49.184758,210.3,True
SN144,Engine_Integration,Engine_Integration_1,2025-06-15 18:30:49.184758,2025-06-19 04:19:58.214749,81.82,True
SN144,Final_Checkout,Final_Checkout_1,2025-06-19 04:19:58.214749,2025-06-21 19:03:18.117399,62.72,True
SN145,Ring_Stacking,Ring_Stacking_2,2025-02-06 22:23:37.453785,2025-02-08 16:00:57.790132,41.62,True
SN145,Welding,Welding_2,2025-03-18 00:35:51.967511,2025-03-23 09:11:00.856894,128.59,False
SN145,Welding,Welding_1,2025-03-24 15:11:00.856894,2025-03-28 13:23:53.569500,94.21,True
SN145,Plumbing_Wiring,Plumbing_Wiring_4,2025-03-28 13:23:53.569500,2025-04-03 01:35:09.004120,132.19,True
SN145,Heat_Shield_Tiling,Heat_Shield_Tiling_1,2025-06-07 00:46:58.031399,2025-06-15 01:31:11.144215,192.74,True
SN145,Engine_Integration,Engine_Integration_2,2025-06-15 01:31:11.144215,2025-06-18 21:42:08.278730,92.18,True
SN145,Final_Checkout,Final_Checkout_2,2025-06-18 21:42:08.278730,2025-06-21 02:58:54.785887,53.28,True
SN146,Ring_Stacking,Ring_Stacking_1,2025-02-07 05:45:00.382325,2025-02-08 17:36:05.560992,35.85,True
SN146,Welding,Welding_3,2025-03-22 15:04:53.803769,2025-03-26 18:04:53.066354,99.0,True
SN146,Plumbing_Wiring,Plumbing_Wiring_3,2025-03-26 18:04:53.066354,2025-04-01 23:33:54.999156,149.48,True
SN146,Heat_Shield_Tiling,Heat_Shield_Tiling_3,2025-06-10 21:24:58.286999,2025-06-19 21:02:42.745722,215.63,True
SN146,Engine_Integration,Engine_Integration_2,2025-06-19 21:02:42.745722,2025-06-23 05:52:07.592010,80.82,True
SN146,Final_Checkout,Final_Checkout_2,2025-06-23 05:52:07.592010,2025-06-25 23:44:26.434103,65.87,True
SN147,Ring_Stacking,Ring_Stacking_2,2025-02-08 16:00:57.790132,2025-02-10 13:35:15.034686,45.57,True
SN147,Welding,Welding_2,2025-03-24 15:11:00.856894,2025-03-29 14:34:10.540974,119.39,True
SN147,Plumbing_Wiring,Plumbing_Wiring_1,2025-03-29 14:34:10.540974,2025-04-04 12:33:31.369548,141.99,True
SN147,Heat_Shield_Tiling,Heat_Shield_Tiling_1,2025-06-15 01:31:11.144215,2025-06-22 19:23:16.275022,185.87,True
SN147,Engine_Integration,Engine_Integration_1,2025-06-22 19:23:16.275022,2025-06-26 03:56:44.769673,80.56,True
SN147,Final_Checkout,Final_Checkout_1,2025-06-26 03:56:44.769673,2025-06-28 16:43:55.630730,60.79,True
SN148,Ring_Stacking,Ring_Stacking_1,2025-02-08 17:36:05.560992,2025-02-10 10:16:06.736054,40.67,True
SN148,Welding,Welding_3,2025-03-26 18:04:53.066354,2025-04-02 05:57:51.236061,155.88,True
SN148,Plumbing_Wiring,Plumbing_Wiring_2,2025-04-02 05:57:51.236061,2025-04-07 01:47:38.940732,115.83,True
SN148,Heat_Shield_Tiling,Heat_Shield_Tiling_2,2025-06-15 18:30:49.184758,2025-06-23 05:47:51.979896,179.28,True
SN148,Engine_Integration,Engine_Integration_2,2025-06-23 05:52:07.592010,2025-06-26 20:03:30.282171,86.19,True
SN148,Final_Checkout,Final_Checkout_2,2025-06-26 20:03:30.282171,2025-06-29 15:41:59.078529,67.64,True
SN149,Ring_Stacking,Ring_Stacking_1,2025-02-10 10:16:06.736054,2025-02-12 02:45:55.213253,40.5,True
SN149,Welding,Welding_1,2025-03-28 13:23:53.569500,2025-04-02 20:15:26.614045,126.86,True
SN149,Plumbing_Wiring,Plumbing_Wiring_3,2025-04-02 20:15:26.614045,2025-04-09 01:08:44.465745,148.89,True
SN149,Heat_Shield_Tiling,Heat_Shield_Tiling_3,2025-06-19 21:02:42.745722,2025-06-29 15:34:52.677384,234.54,True
SN149,Engine_Integration,Engine_Integration_1,2025-06-29 15:34:52.677384,2025-07-02 09:41:26.507986,66.11,True
SN149,Final_Checkout,Final_Checkout_1,2025-07-02 09:41:26.507986,2025-07-04 16:57:26.953443,55.27,True
SN150,Ring_Stacking,Ring_Stacking_2,2025-02-10 13:35:15.034686,2025-02-12 11:14:25.595724,45.65,True
SN150,Welding,Welding_2,2025-03-29 14:34:10.540974,2025-04-04 14:39:53.380675,144.1,True
SN150,Plumbing_Wiring,Plumbing_Wiring_4,2025-04-04 14:39:53.380675,2025-04-10 02:55:26.377297,132.26,True
SN150,Heat_Shield_Tiling,Heat_Shield_Tiling_1,2025-06-22 19:23:16.275022,2025-06-29 15:00:09.604206,163.61,True
SN150,Engine_Integration,Engine_Integration_2,2025-06-29 15:00:09.604206,2025-07-02 17:35:34.816492,74.59,True
SN150,Final_Checkout,Final_Checkout_2,2025-07-02 17:35:34.816492,2025-07-05 01:38:04.837611,56.04,True
